<ehcache>
	<diskStore path="java.io.tmpdir" />
	<cache name="userCache" maxEntriesLocalHeap="10000"
		maxEntriesLocalDisk="1000" eternal="false" diskSpoolBufferSizeMB="20"
		timeToIdleSeconds="300" timeToLiveSeconds="600"
		memoryStoreEvictionPolicy="LFU" transactionalMode="off">
		<persistence strategy="localTempSwap" />
	</cache>
	
	
	<cache name="lovCache"
		maxEntriesLocalHeap="10000"
		maxEntriesLocalDisk="1000"
		eternal="false"
		diskSpoolBufferSizeMB="20"
		timeToIdleSeconds="300" timeToLiveSeconds="3600"
		memoryStoreEvictionPolicy="LFU"
		transactionalMode="off">
		<persistence strategy="localTempSwap" />
	</cache>
	
	<cache name="stockQueueCache"
		maxEntriesLocalHeap="10000"
		maxEntriesLocalDisk="1000"
		eternal="false"
		diskSpoolBufferSizeMB="20"
		timeToIdleSeconds="300" timeToLiveSeconds="3600"
		memoryStoreEvictionPolicy="LFU"
		transactionalMode="off">
		<persistence strategy="localTempSwap" />
	</cache>
	
	<cache name="stockDbCache"
		maxEntriesLocalHeap="10000"
		maxEntriesLocalDisk="1000"
		eternal="false"
		diskSpoolBufferSizeMB="20"
		timeToIdleSeconds="300" timeToLiveSeconds="10"
		memoryStoreEvictionPolicy="LFU"
		transactionalMode="off">
		<persistence strategy="localTempSwap" />
	</cache>
	
	
</ehcache>