<server description="new server">

	<!-- Enable features -->
	<featureManager>
		<feature>springBoot-2.0</feature>
		<feature>servlet-4.0</feature>
		<feature>jsp-2.3</feature>
		<feature>webSocket-1.1</feature>
		<feature>transportSecurity-1.0</feature>
		<feature>localConnector-1.0</feature>
		<feature>jndi-1.0</feature>
		<feature>jdbc-4.1</feature>
	</featureManager>


	<!-- <application context-root="/" location="inma-itp-0.0.1-SNAPSHOT.war"/> -->
	<!-- To access this server from a remote client add a host attribute to 
		the following element, e.g. host="*" -->
	<httpEndpoint httpPort="9080" httpsPort="9013" id="defaultHttpEndpoint"/>

	<applicationMonitor dropins="dropins" dropinsEnabled="true" pollingRate="500ms" updateTrigger="mbean"/>

	<!-- Automatically expand WAR files and EAR files -->
	<applicationManager autoExpand="true"/>



	<!-- Automatically load the Spring application endpoint once the server 
		is ready. -->
	<webContainer deferServletLoad="false"/>


	<library apiTypeVisibility="spec,ibm-api,api,third-party" id="OracleLib">
		<fileset dir="C:/IBM/WebSphere/Liberty/lib" includes="ojdbc8-12.2.0.1.jar"/>
	</library>

	<jdbcDriver id="OracleDriver" javax.sql.DataSource="oracle.jdbc.pool.OracleDataSource" libraryRef="OracleLib"/>

	<!-- <dataSource jdbcDriverRef="OracleDriver" jndiName="jdbc/itp"> <properties.oracle 
		password="ITP" url="jdbc:oracle:thin:@usdbtc1d2z1-vip:1609/ITDEV" user="ITP"/> 
		</dataSource> -->

	<dataSource jdbcDriverRef="OracleDriver" jndiName="jdbc/itp">
		<properties.oracle password="ITP" url="jdbc:oracle:thin:@usdbtc1d4z1-vip:1620/ITUAT_MAIN" user="ITP"/>
	</dataSource>

	<dataSource jdbcDriverRef="OracleDriver" jndiName="jdbc/mubasher">
		<properties.oracle password="mubasher_price" url="jdbc:oracle:thin:@usdbtc1d2z1:1620/ITUAT_MAIN" user="mubasher_price"/>
	</dataSource>


	<dataSource jdbcDriverRef="OracleDriver" jndiName="jdbc/log">
		<properties.oracle password="Ta0a3u7$$" url="jdbc:oracle:thin:@usdbtc1d4z1-vip:1620/TDWUAT" user="TADAWUL"/>
	</dataSource>

    <application context-root="itp_dev_core" id="inma-itp" location="itp_dev_core.war" type="war"/>
</server>